,Loan_ID,Gender,Married,Dependents,Education,Self_Employed,ApplicantIncome,CoapplicantIncome,LoanAmount,Loan_Amount_Term,Credit_History,Property_Area,Loan_Status
0,LP001003,Male,Yes,1,Graduate,No,4583.0,1508.0,128.0,360.0,1.0,Rural,N
1,LP001005,Male,Yes,0,Graduate,Yes,3000.0,0.0,66.0,360.0,1.0,Urban,Y
2,LP001006,Male,Yes,0,Not Graduate,No,2583.0,2358.0,120.0,360.0,1.0,Urban,Y
3,LP001008,Male,No,0,Graduate,No,6000.0,0.0,141.0,360.0,1.0,Urban,Y
4,LP001013,Male,Yes,0,Not Graduate,No,2333.0,1516.0,95.0,360.0,1.0,Urban,Y
5,LP001024,Male,Yes,2,Graduate,No,3200.0,700.0,70.0,360.0,1.0,Urban,Y
6,LP001027,Male,Yes,2,Graduate,,2500.0,1840.0,109.0,360.0,1.0,Urban,Y
7,LP001029,Male,No,0,Graduate,No,1853.0,2840.0,114.0,360.0,1.0,Rural,N
8,LP001030,Male,Yes,2,Graduate,No,1299.0,1086.0,17.0,120.0,1.0,Urban,Y
9,LP001032,Male,No,0,Graduate,No,4950.0,0.0,125.0,360.0,1.0,Urban,Y
10,LP001034,Male,No,1,Not Graduate,No,3596.0,0.0,100.0,240.0,,Urban,Y
11,LP001036,Female,No,0,Graduate,No,3510.0,0.0,76.0,360.0,0.0,Urban,N
12,LP001038,Male,Yes,0,Not Graduate,No,4887.0,0.0,133.0,360.0,1.0,Rural,N
13,LP001041,Male,Yes,0,Graduate,,2600.0,3500.0,115.0,,1.0,Urban,Y
14,LP001043,Male,Yes,0,Not Graduate,No,7660.0,0.0,104.0,360.0,0.0,Urban,N
15,LP001047,Male,Yes,0,Not Graduate,No,2600.0,1911.0,116.0,360.0,0.0,Semiurban,N
16,LP001050,,Yes,2,Not Graduate,No,3365.0,1917.0,112.0,360.0,0.0,Rural,N
17,LP001068,Male,Yes,0,Graduate,No,2799.0,2253.0,122.0,360.0,1.0,Semiurban,Y
18,LP001073,Male,Yes,2,Not Graduate,No,4226.0,1040.0,,360.0,1.0,Urban,Y
19,LP001086,Male,No,0,Not Graduate,No,1442.0,0.0,35.0,360.0,1.0,Urban,N
20,LP001087,Female,No,2,Graduate,,3750.0,2083.0,120.0,360.0,1.0,Semiurban,Y
21,LP001095,Male,No,0,Graduate,No,3167.0,0.0,74.0,360.0,1.0,Urban,N
22,LP001097,Male,No,1,Graduate,Yes,4692.0,0.0,106.0,360.0,1.0,Rural,N
23,LP001098,Male,Yes,0,Graduate,No,3500.0,1667.0,114.0,360.0,1.0,Semiurban,Y
24,LP001109,Male,Yes,0,Graduate,No,1828.0,1330.0,100.0,,0.0,Urban,N
25,LP001112,Female,Yes,0,Graduate,No,3667.0,1459.0,144.0,360.0,1.0,Semiurban,Y
26,LP001116,Male,No,0,Not Graduate,No,3748.0,1668.0,,360.0,1.0,Semiurban,Y
27,LP001119,Male,No,0,Graduate,No,3600.0,0.0,80.0,360.0,1.0,Urban,N
28,LP001120,Male,No,0,Graduate,No,1800.0,1213.0,47.0,360.0,1.0,Urban,Y
29,LP001123,Male,Yes,0,Graduate,No,2400.0,0.0,75.0,360.0,,Urban,Y
30,LP001131,Male,Yes,0,Graduate,No,3941.0,2336.0,134.0,360.0,1.0,Semiurban,Y
31,LP001136,Male,Yes,0,Not Graduate,Yes,4695.0,0.0,96.0,,1.0,Urban,Y
32,LP001137,Female,No,0,Graduate,No,3410.0,0.0,88.0,,1.0,Urban,Y
33,LP001138,Male,Yes,1,Graduate,No,5649.0,0.0,44.0,360.0,1.0,Urban,Y
34,LP001144,Male,Yes,0,Graduate,No,5821.0,0.0,144.0,360.0,1.0,Urban,Y
35,LP001146,Female,Yes,0,Graduate,No,2645.0,,120.0,360.0,0.0,Urban,N
36,LP001151,Female,No,0,Graduate,No,4000.0,2275.0,144.0,360.0,1.0,Semiurban,Y
37,LP001155,Female,Yes,0,Not Graduate,No,1928.0,1644.0,100.0,360.0,1.0,Semiurban,Y
38,LP001157,Female,No,0,Graduate,No,3086.0,0.0,120.0,360.0,1.0,Semiurban,Y
39,LP001164,Female,No,0,Graduate,No,4230.0,0.0,112.0,360.0,1.0,Semiurban,N
40,LP001179,Male,Yes,2,Graduate,No,4616.0,0.0,134.0,360.0,1.0,Urban,N
41,LP001194,Male,Yes,2,Graduate,No,2708.0,1167.0,97.0,360.0,1.0,Semiurban,Y
42,LP001195,Male,Yes,0,Graduate,No,2132.0,1591.0,96.0,360.0,1.0,Semiurban,Y
43,LP001197,Male,Yes,0,Graduate,No,3366.0,,135.0,360.0,1.0,Rural,N
44,LP001199,Male,Yes,2,Not Graduate,No,3357.0,2859.0,144.0,360.0,1.0,Urban,Y
45,LP001205,Male,Yes,0,Graduate,No,2500.0,3796.0,120.0,360.0,1.0,Urban,Y
46,LP001206,Male,Yes,3+,Graduate,No,3029.0,0.0,99.0,360.0,1.0,Urban,Y
47,LP001222,Female,No,0,Graduate,No,4166.0,0.0,116.0,360.0,0.0,Semiurban,N
48,LP001228,Male,No,0,Not Graduate,No,3200.0,2254.0,126.0,180.0,0.0,Urban,N
49,LP001238,Male,Yes,3+,Not Graduate,Yes,7100.0,0.0,125.0,60.0,1.0,Urban,Y
50,LP001241,Female,No,0,Graduate,No,,0.0,136.0,360.0,0.0,Semiurban,N
51,LP001245,Male,Yes,2,Not Graduate,Yes,1875.0,1875.0,97.0,360.0,1.0,Semiurban,Y
52,LP001248,Male,No,0,Graduate,No,3500.0,0.0,81.0,300.0,1.0,Semiurban,Y
53,LP001250,Male,Yes,3+,Not Graduate,No,4755.0,0.0,95.0,,0.0,Semiurban,N
54,LP001255,Male,No,0,Graduate,No,3750.0,0.0,113.0,480.0,1.0,Urban,N
55,LP001259,Male,Yes,1,Graduate,Yes,1000.0,3022.0,110.0,360.0,1.0,Urban,N
56,LP001264,Male,Yes,3+,Not Graduate,Yes,3333.0,2166.0,130.0,360.0,,Semiurban,Y
57,LP001265,Female,No,0,Graduate,No,3846.0,0.0,111.0,360.0,1.0,Semiurban,Y
58,LP001275,Male,Yes,1,Graduate,No,3988.0,0.0,50.0,240.0,1.0,Urban,Y
59,LP001279,Male,No,0,Graduate,No,2366.0,2531.0,136.0,360.0,1.0,Semiurban,Y
60,LP001280,Male,Yes,2,Not Graduate,No,3333.0,2000.0,99.0,360.0,,Semiurban,Y
61,LP001282,Male,Yes,0,Graduate,No,2500.0,2118.0,104.0,360.0,1.0,Semiurban,Y
62,LP001316,Male,Yes,0,Graduate,No,2958.0,2900.0,131.0,360.0,1.0,Semiurban,Y
63,LP001319,Male,Yes,2,Not Graduate,No,3273.0,1820.0,81.0,360.0,1.0,Urban,Y
64,LP001322,Male,No,0,Graduate,No,4133.0,0.0,122.0,360.0,1.0,Semiurban,Y
65,LP001325,Male,No,0,Not Graduate,No,3620.0,0.0,25.0,120.0,1.0,Semiurban,Y
66,LP001327,Female,Yes,0,Graduate,No,2484.0,2302.0,137.0,360.0,1.0,Semiurban,Y
67,LP001333,Male,Yes,0,Graduate,No,1977.0,997.0,50.0,360.0,1.0,Semiurban,Y
68,LP001334,Male,Yes,0,Not Graduate,No,4188.0,0.0,115.0,180.0,1.0,Semiurban,Y
69,LP001343,Male,Yes,0,Graduate,No,1759.0,3541.0,131.0,360.0,1.0,Semiurban,Y
70,LP001345,Male,Yes,2,Not Graduate,No,4288.0,3263.0,133.0,180.0,1.0,Urban,Y
71,LP001367,Male,Yes,1,Graduate,No,3052.0,1030.0,100.0,360.0,1.0,Urban,Y
72,LP001370,Male,No,0,Not Graduate,,7333.0,0.0,120.0,360.0,1.0,Rural,N
73,LP001384,Male,Yes,3+,Not Graduate,No,2071.0,754.0,94.0,480.0,1.0,Semiurban,Y
74,LP001385,Male,No,0,Graduate,No,5316.0,0.0,136.0,360.0,1.0,Urban,Y
75,LP001387,Female,Yes,0,Graduate,,2929.0,2333.0,139.0,360.0,1.0,Semiurban,Y
76,LP001398,Male,No,0,Graduate,,5050.0,0.0,118.0,360.0,1.0,Semiurban,Y
77,LP001405,Male,Yes,1,Graduate,No,2214.0,1398.0,85.0,360.0,,Urban,Y
78,LP001430,Female,No,0,Graduate,No,4166.0,0.0,44.0,360.0,1.0,Semiurban,Y
79,LP001431,Female,No,0,Graduate,No,2137.0,8980.0,137.0,360.0,0.0,Semiurban,Y
80,LP001432,Male,Yes,2,Graduate,No,2957.0,0.0,,360.0,1.0,Semiurban,Y
81,LP001443,Female,No,0,Graduate,No,3692.0,0.0,93.0,360.0,,Rural,Y
82,LP001473,Male,No,0,Graduate,No,2014.0,1929.0,,360.0,1.0,Urban,Y
83,LP001478,Male,No,0,Graduate,No,2718.0,0.0,70.0,360.0,1.0,Semiurban,Y
84,LP001482,Male,Yes,0,Graduate,Yes,3459.0,0.0,25.0,120.0,1.0,Semiurban,Y
85,LP001487,Male,No,0,Graduate,No,4895.0,0.0,102.0,360.0,1.0,Semiurban,Y
86,LP001489,Female,Yes,0,Graduate,No,4583.0,0.0,84.0,360.0,1.0,Rural,N
87,LP001491,Male,Yes,2,Graduate,Yes,3316.0,3500.0,88.0,360.0,1.0,Urban,Y
88,LP001493,Male,Yes,2,Not Graduate,No,4200.0,1430.0,129.0,360.0,1.0,Rural,N
89,LP001507,Male,Yes,0,Graduate,No,2698.0,2034.0,122.0,360.0,1.0,Semiurban,Y
90,LP001514,Female,Yes,0,Graduate,No,2330.0,4486.0,100.0,360.0,1.0,Semiurban,Y
91,LP001518,Male,Yes,1,Graduate,No,1538.0,1425.0,30.0,360.0,1.0,Urban,Y
92,LP001520,Male,Yes,0,Graduate,No,4860.0,830.0,125.0,360.0,1.0,Semiurban,Y
93,LP001528,Male,No,0,Graduate,No,6277.0,0.0,118.0,360.0,0.0,Rural,N
94,LP001532,Male,Yes,2,Not Graduate,No,2281.0,0.0,113.0,360.0,1.0,Rural,N
95,LP001535,Male,No,0,Graduate,No,3254.0,0.0,50.0,360.0,1.0,Urban,Y
96,LP001546,Male,No,0,Graduate,,2980.0,2083.0,120.0,360.0,1.0,Rural,Y
97,LP001560,Male,Yes,0,Not Graduate,No,1863.0,1041.0,98.0,360.0,1.0,Semiurban,Y
98,LP001565,Male,Yes,1,Graduate,No,3089.0,1280.0,121.0,360.0,0.0,Semiurban,N
99,LP001572,Male,Yes,0,Graduate,No,9323.0,0.0,75.0,180.0,1.0,Urban,Y
100,LP001577,Female,Yes,0,Graduate,No,4583.0,0.0,112.0,360.0,1.0,Rural,N
101,LP001578,Male,Yes,0,Graduate,No,2439.0,3333.0,129.0,360.0,1.0,Rural,Y
102,LP001579,Male,No,0,Graduate,No,2237.0,0.0,63.0,480.0,0.0,Semiurban,N
103,LP001581,Male,Yes,0,Not Graduate,,1820.0,1769.0,95.0,360.0,1.0,Rural,Y
104,LP001586,Male,Yes,3+,,No,3522.0,0.0,81.0,180.0,1.0,Rural,N
105,LP001603,Male,Yes,0,Not Graduate,Yes,4344.0,736.0,87.0,360.0,1.0,Semiurban,N
106,LP001606,Male,Yes,0,Graduate,No,3497.0,1964.0,116.0,360.0,1.0,Rural,Y
107,LP001608,Male,Yes,2,Graduate,No,2045.0,1619.0,101.0,360.0,1.0,Rural,Y
108,LP001616,Male,Yes,1,Graduate,No,3750.0,0.0,116.0,360.0,1.0,Semiurban,Y
109,LP001630,Male,No,0,Not Graduate,No,2333.0,1451.0,102.0,480.0,0.0,Urban,N
110,LP001634,Male,No,0,Graduate,No,1916.0,5063.0,67.0,360.0,,Rural,N
111,LP001636,Male,Yes,0,Graduate,No,4600.0,0.0,73.0,180.0,1.0,Semiurban,Y
112,LP001639,Female,Yes,0,Graduate,No,3625.0,0.0,108.0,360.0,1.0,Semiurban,Y
113,LP001641,Male,Yes,1,Graduate,Yes,2178.0,0.0,66.0,300.0,0.0,Rural,N
114,LP001643,Male,Yes,0,Graduate,No,2383.0,2138.0,58.0,360.0,,Rural,Y
115,LP001653,Male,No,0,Not Graduate,No,4885.0,0.0,48.0,360.0,1.0,Rural,Y
116,LP001658,Male,No,0,Graduate,No,3858.0,0.0,76.0,360.0,1.0,Semiurban,Y
117,LP001664,Male,No,0,Graduate,No,4191.0,0.0,120.0,360.0,1.0,Rural,Y
118,LP001669,Female,No,0,Not Graduate,No,1907.0,2365.0,120.0,,1.0,Urban,Y
119,LP001671,Female,Yes,0,Graduate,No,3416.0,2816.0,113.0,360.0,,Semiurban,Y
120,LP001674,Male,Yes,1,Not Graduate,No,2600.0,2500.0,90.0,360.0,1.0,Semiurban,Y
121,LP001688,Male,Yes,1,Not Graduate,No,3500.0,1083.0,135.0,360.0,1.0,Urban,Y
122,LP001691,Male,Yes,2,Not Graduate,No,3917.0,0.0,124.0,360.0,1.0,Semiurban,Y
123,LP001692,Female,No,0,Not Graduate,No,4408.0,0.0,120.0,360.0,1.0,Semiurban,Y
124,LP001693,Female,No,0,Graduate,No,3244.0,0.0,80.0,360.0,1.0,Urban,Y
125,LP001698,Male,No,0,Not Graduate,No,3975.0,2531.0,55.0,360.0,1.0,Rural,Y
126,LP001699,Male,No,0,Graduate,No,2479.0,0.0,59.0,360.0,1.0,Urban,Y
127,LP001702,Male,No,0,Graduate,No,3418.0,0.0,127.0,360.0,1.0,Semiurban,N
128,LP001711,Male,Yes,3+,Graduate,No,3430.0,1250.0,128.0,360.0,0.0,Semiurban,N
129,LP001715,Male,Yes,3+,Not Graduate,Yes,5703.0,0.0,130.0,360.0,1.0,Rural,Y
130,LP001716,Male,Yes,0,Graduate,No,3173.0,3021.0,137.0,360.0,1.0,Urban,Y
131,LP001720,Male,Yes,3+,Not Graduate,No,3850.0,983.0,100.0,360.0,1.0,Semiurban,Y
132,LP001722,Male,Yes,0,Graduate,No,150.0,1800.0,135.0,360.0,1.0,Rural,N
133,LP001726,Male,Yes,0,Graduate,No,3727.0,1775.0,131.0,360.0,1.0,Semiurban,Y
134,LP001732,Male,Yes,2,Graduate,,5000.0,0.0,72.0,360.0,0.0,Semiurban,N
135,LP001734,Female,Yes,2,Graduate,No,4283.0,2383.0,127.0,360.0,,Semiurban,Y
136,LP001736,Male,Yes,0,Graduate,No,2221.0,0.0,60.0,360.0,0.0,Urban,N
137,LP001743,Male,Yes,2,Graduate,No,4009.0,1717.0,116.0,360.0,1.0,Semiurban,Y
138,LP001744,Male,No,0,Graduate,No,2971.0,2791.0,144.0,360.0,1.0,Semiurban,Y
139,LP001750,Male,Yes,0,Graduate,No,6250.0,0.0,128.0,360.0,1.0,Semiurban,Y
140,LP001754,Male,Yes,,Not Graduate,Yes,4735.0,0.0,138.0,360.0,1.0,Urban,N
141,LP001765,Male,Yes,1,Graduate,No,2491.0,2054.0,104.0,360.0,1.0,Semiurban,Y
142,LP001768,Male,Yes,0,Graduate,,3716.0,0.0,42.0,180.0,1.0,Rural,Y
143,LP001770,Male,No,0,Not Graduate,No,3189.0,2598.0,120.0,,1.0,Rural,Y
144,LP001778,Male,Yes,1,Graduate,No,3155.0,1779.0,140.0,360.0,1.0,Semiurban,Y
145,LP001788,Female,No,0,Graduate,Yes,3463.0,0.0,122.0,360.0,,Urban,Y
146,LP001790,Female,No,1,Graduate,No,3812.0,0.0,112.0,360.0,1.0,Rural,Y
147,LP001792,Male,Yes,1,Graduate,No,3315.0,0.0,96.0,360.0,1.0,Semiurban,Y
148,LP001798,Male,Yes,2,Graduate,No,5819.0,5000.0,120.0,360.0,1.0,Rural,Y
149,LP001800,Male,Yes,1,Not Graduate,No,2510.0,1983.0,140.0,180.0,1.0,Urban,N
150,LP001807,Male,Yes,2,Graduate,Yes,6250.0,1300.0,108.0,360.0,1.0,Rural,Y
151,LP001811,Male,Yes,0,Not Graduate,No,3406.0,4417.0,123.0,360.0,1.0,Semiurban,Y
152,LP001813,Male,No,0,Graduate,Yes,6050.0,4333.0,120.0,180.0,1.0,Urban,N
153,LP001814,Male,Yes,2,Graduate,No,9703.0,0.0,112.0,360.0,1.0,Urban,Y
154,LP001819,Male,Yes,1,Not Graduate,No,6608.0,0.0,137.0,180.0,1.0,Urban,Y
155,LP001824,Male,Yes,1,Graduate,No,2882.0,,123.0,480.0,1.0,Semiurban,Y
156,LP001825,Male,Yes,0,Graduate,No,1809.0,1868.0,90.0,360.0,1.0,Urban,Y
157,LP001836,Female,No,2,Graduate,No,3427.0,0.0,138.0,360.0,1.0,Urban,N
158,LP001841,Male,No,0,Not Graduate,Yes,2583.0,2167.0,104.0,360.0,1.0,Rural,Y
159,LP001849,Male,No,0,Not Graduate,No,6045.0,0.0,115.0,360.0,0.0,Rural,N
160,LP001854,Male,Yes,3+,Graduate,No,5250.0,0.0,94.0,360.0,1.0,Urban,N
161,LP001864,Male,Yes,3+,Not Graduate,No,4931.0,0.0,128.0,360.0,,Semiurban,N
162,LP001868,Male,No,0,Graduate,No,2060.0,2209.0,134.0,360.0,1.0,Semiurban,Y
163,LP001871,Female,No,0,Graduate,No,7200.0,0.0,120.0,360.0,1.0,Rural,Y
164,LP001872,Male,No,0,Graduate,Yes,5166.0,0.0,128.0,360.0,1.0,Semiurban,Y
165,LP001877,Male,Yes,2,Graduate,No,4708.0,1387.0,150.0,360.0,1.0,Semiurban,Y
166,LP001883,Female,No,0,Graduate,,3418.0,0.0,135.0,360.0,1.0,Rural,N
167,LP001884,Female,No,1,Graduate,No,2876.0,1560.0,90.0,360.0,1.0,Urban,Y
168,LP001888,Female,No,0,Graduate,No,3237.0,0.0,30.0,360.0,1.0,Urban,Y
169,LP001892,Male,No,0,Graduate,No,,1857.0,126.0,360.0,1.0,Rural,Y
170,LP001894,Male,Yes,0,Graduate,No,2620.0,2223.0,150.0,360.0,1.0,Semiurban,Y
171,LP001896,Male,Yes,2,Graduate,No,3900.0,0.0,90.0,360.0,1.0,Semiurban,Y
172,LP001900,Male,Yes,1,Graduate,No,2750.0,1842.0,115.0,360.0,1.0,Semiurban,Y
173,LP001904,Male,Yes,0,Graduate,No,3103.0,1300.0,80.0,360.0,1.0,Urban,Y
174,LP001908,Female,Yes,0,Not Graduate,No,4100.0,0.0,124.0,360.0,,Rural,Y
175,LP001914,Male,Yes,0,Graduate,No,3927.0,800.0,112.0,360.0,1.0,Semiurban,Y
176,LP001915,Male,Yes,2,Graduate,No,2301.0,985.7999877999998,78.0,180.0,1.0,Urban,Y
177,LP001917,Female,No,0,Graduate,No,1811.0,1666.0,54.0,360.0,1.0,Urban,Y
178,LP001924,Male,No,0,Graduate,No,3158.0,3053.0,89.0,360.0,1.0,Rural,Y
179,LP001925,Female,No,0,Graduate,Yes,2600.0,1717.0,99.0,300.0,1.0,Semiurban,N
180,LP001926,Male,Yes,0,Graduate,No,3704.0,2000.0,120.0,360.0,1.0,Rural,Y
181,LP001931,Female,No,0,Graduate,No,4124.0,0.0,115.0,360.0,1.0,Semiurban,Y
182,LP001936,Male,Yes,0,Graduate,No,3075.0,2416.0,139.0,360.0,1.0,Rural,Y
183,LP001938,Male,Yes,2,Graduate,No,4400.0,0.0,127.0,360.0,0.0,Semiurban,N
184,LP001940,Male,Yes,2,Graduate,No,3153.0,1560.0,134.0,360.0,1.0,Urban,Y
185,LP001945,Female,No,,Graduate,No,5417.0,0.0,143.0,480.0,0.0,Urban,N
186,LP001949,Male,Yes,3+,Graduate,,4416.0,1250.0,110.0,360.0,1.0,Urban,Y
187,LP001954,Female,Yes,1,Graduate,No,4666.0,0.0,135.0,360.0,1.0,Urban,Y
188,LP001963,Male,Yes,1,Graduate,No,2014.0,2925.0,113.0,360.0,1.0,Urban,N
189,LP001964,Male,Yes,0,Not Graduate,No,1800.0,2934.0,93.0,360.0,0.0,Urban,N
190,LP001972,Male,Yes,,Not Graduate,No,2875.0,1750.0,105.0,360.0,1.0,Semiurban,Y
191,LP001974,Female,No,0,Graduate,No,5000.0,0.0,132.0,360.0,1.0,Rural,Y
192,LP001977,Male,Yes,1,Graduate,No,1625.0,1803.0,96.0,360.0,1.0,Urban,Y
193,LP001978,Male,No,0,Graduate,No,4000.0,,140.0,360.0,1.0,Rural,Y
194,LP001993,Female,No,0,Graduate,No,3762.0,1666.0,135.0,360.0,1.0,Rural,Y
195,LP001994,Female,No,0,Graduate,No,2400.0,1863.0,104.0,360.0,0.0,Urban,N
196,LP002002,Female,No,0,Graduate,No,2917.0,0.0,84.0,360.0,1.0,Semiurban,Y
197,LP002004,Male,No,0,Not Graduate,No,2927.0,2405.0,111.0,360.0,1.0,Semiurban,Y
198,LP002006,Female,No,0,Graduate,No,2507.0,0.0,56.0,360.0,1.0,Rural,Y
199,LP002008,Male,Yes,2,Graduate,Yes,5746.0,0.0,144.0,84.0,,Rural,Y
200,LP002031,Male,Yes,1,Not Graduate,No,3399.0,1640.0,111.0,180.0,1.0,Urban,Y
201,LP002035,Male,Yes,2,Graduate,No,3717.0,0.0,120.0,360.0,1.0,Semiurban,Y
202,LP002036,Male,Yes,0,Graduate,No,2058.0,2134.0,88.0,360.0,,Urban,Y
203,LP002043,Female,No,1,Graduate,No,3541.0,0.0,112.0,360.0,,Semiurban,Y
204,LP002051,Male,Yes,0,Graduate,No,2400.0,2167.0,115.0,360.0,1.0,Semiurban,Y
205,LP002053,Male,Yes,3+,Graduate,No,4342.0,,124.0,360.0,1.0,Semiurban,Y
206,LP002055,Female,No,0,Graduate,No,3166.0,2985.0,132.0,360.0,,Rural,Y
207,LP002068,Male,No,0,Graduate,No,,0.0,130.0,360.0,0.0,Rural,Y
208,LP002086,Female,Yes,0,Graduate,No,4333.0,2451.0,110.0,360.0,1.0,Urban,N
209,LP002087,Female,No,0,Graduate,No,2500.0,0.0,67.0,360.0,1.0,Urban,Y
210,LP002097,Male,No,1,Graduate,No,4384.0,1793.0,117.0,360.0,1.0,Urban,Y
211,LP002098,Male,No,0,Graduate,No,2935.0,0.0,98.0,360.0,1.0,Semiurban,Y
212,LP002100,Male,No,,Graduate,No,2833.0,0.0,71.0,360.0,1.0,Urban,Y
213,LP002106,Male,Yes,,Graduate,Yes,5503.0,4490.0,70.0,,1.0,Semiurban,Y
214,LP002114,Female,No,0,Graduate,No,4160.0,0.0,71.0,360.0,1.0,Semiurban,Y
215,LP002116,Female,No,0,Graduate,No,2378.0,0.0,46.0,360.0,1.0,Rural,N
216,LP002126,Male,Yes,3+,Not Graduate,No,3173.0,0.0,74.0,360.0,1.0,Semiurban,Y
217,LP002128,Male,Yes,2,Graduate,,2583.0,2330.0,125.0,360.0,1.0,Rural,Y
218,LP002131,Male,Yes,2,Not Graduate,No,3083.0,2168.0,126.0,360.0,1.0,Urban,Y
219,LP002141,Male,Yes,3+,Graduate,No,2666.0,2083.0,95.0,360.0,1.0,Rural,Y
220,LP002142,Female,Yes,0,Graduate,Yes,,0.0,105.0,360.0,0.0,Rural,N
221,LP002143,Female,Yes,0,Graduate,No,2423.0,505.0,130.0,360.0,1.0,Semiurban,Y
222,LP002144,Female,No,,Graduate,No,3813.0,0.0,116.0,180.0,1.0,Urban,Y
223,LP002151,Male,Yes,1,Graduate,No,3875.0,0.0,67.0,360.0,1.0,Urban,N
224,LP002158,Male,Yes,0,Not Graduate,No,3000.0,1666.0,100.0,480.0,0.0,Urban,N
225,LP002161,Female,No,1,Graduate,No,4723.0,0.0,81.0,360.0,1.0,Semiurban,N
226,LP002175,Male,Yes,0,Graduate,No,4750.0,2333.0,130.0,360.0,1.0,Urban,Y
227,LP002178,Male,Yes,0,Graduate,No,3013.0,3033.0,95.0,300.0,,Urban,Y
228,LP002180,Male,No,0,Graduate,Yes,6822.0,0.0,141.0,360.0,1.0,Rural,Y
229,LP002181,Male,No,0,Not Graduate,No,6216.0,0.0,133.0,360.0,1.0,Rural,N
230,LP002187,Male,No,0,Graduate,No,2500.0,0.0,96.0,480.0,1.0,Semiurban,N
231,LP002188,Male,No,0,Graduate,No,5124.0,0.0,124.0,,0.0,Rural,N
232,LP002205,Male,No,1,Graduate,No,3062.0,,111.0,180.0,0.0,Urban,N
233,LP002209,Female,No,0,Graduate,,2764.0,1459.0,110.0,360.0,1.0,Urban,Y
234,LP002211,Male,Yes,0,Graduate,No,4817.0,923.0,120.0,180.0,1.0,Urban,Y
235,LP002219,Male,Yes,3+,Graduate,No,8750.0,4996.0,130.0,360.0,1.0,Rural,Y
236,LP002223,Male,Yes,0,Graduate,No,4310.0,0.0,130.0,360.0,,Semiurban,Y
237,LP002224,Male,No,0,Graduate,No,3069.0,0.0,71.0,480.0,1.0,Urban,N
238,LP002225,Male,Yes,2,Graduate,No,5391.0,0.0,130.0,360.0,1.0,Urban,Y
239,LP002226,Male,Yes,0,Graduate,,3333.0,2500.0,128.0,360.0,1.0,Semiurban,Y
240,LP002234,Male,No,0,Graduate,Yes,7167.0,0.0,128.0,360.0,1.0,Urban,Y
241,LP002236,Male,Yes,2,Graduate,No,,0.0,100.0,360.0,1.0,Urban,N
242,LP002237,Male,No,1,Graduate,,3667.0,0.0,113.0,180.0,1.0,Urban,Y
243,LP002239,Male,No,0,Not Graduate,No,2346.0,1600.0,132.0,360.0,1.0,Semiurban,Y
244,LP002244,Male,Yes,0,Graduate,No,2333.0,2417.0,,360.0,1.0,Urban,Y
245,LP002250,Male,Yes,0,Graduate,No,,0.0,125.0,360.0,1.0,Rural,Y
246,LP002263,Male,Yes,0,Graduate,No,2583.0,,120.0,360.0,,Urban,Y
247,LP002265,Male,Yes,2,Not Graduate,No,1993.0,1625.0,113.0,180.0,1.0,Semiurban,Y
248,LP002266,Male,Yes,2,Graduate,No,3100.0,1400.0,113.0,360.0,1.0,Urban,Y
249,LP002272,Male,Yes,2,Graduate,No,3276.0,484.0,135.0,360.0,,Semiurban,Y
250,LP002277,Female,No,0,Graduate,No,3180.0,0.0,71.0,360.0,0.0,Urban,N
251,LP002281,Male,Yes,0,Graduate,No,3033.0,1459.0,95.0,360.0,1.0,Urban,Y
252,LP002284,Male,No,0,Not Graduate,No,3902.0,1666.0,109.0,360.0,1.0,Rural,Y
253,LP002287,Female,No,0,Graduate,No,1500.0,1800.0,103.0,360.0,0.0,Semiurban,N
254,LP002288,Male,Yes,2,Not Graduate,No,2889.0,0.0,45.0,180.0,0.0,Urban,N
255,LP002296,Male,No,0,Not Graduate,No,2755.0,0.0,65.0,300.0,1.0,Rural,N
256,LP002297,Male,No,0,Graduate,No,2500.0,20000.0,103.0,360.0,1.0,Semiurban,Y
257,LP002300,Female,No,0,Not Graduate,No,1963.0,0.0,53.0,360.0,1.0,Semiurban,Y
258,LP002305,Female,No,0,Graduate,No,4547.0,0.0,115.0,360.0,1.0,Semiurban,Y
259,LP002308,Male,Yes,0,Not Graduate,No,2167.0,2400.0,115.0,360.0,1.0,Urban,Y
260,LP002314,Female,No,0,Not Graduate,No,2213.0,0.0,66.0,360.0,1.0,Rural,Y
261,LP002318,Female,No,1,Not Graduate,Yes,3867.0,,62.0,360.0,1.0,Semiurban,N
262,LP002332,Male,Yes,0,Not Graduate,No,2253.0,2033.0,110.0,360.0,1.0,Rural,Y
263,LP002337,Female,No,0,Graduate,No,2995.0,0.0,60.0,360.0,1.0,Urban,Y
264,LP002345,Male,Yes,0,Graduate,No,1025.0,2773.0,112.0,360.0,1.0,Rural,Y
265,LP002347,Male,Yes,0,Graduate,No,3246.0,1417.0,138.0,360.0,1.0,Semiurban,Y
266,LP002348,Male,Yes,0,Graduate,No,5829.0,0.0,138.0,360.0,1.0,Rural,Y
267,LP002357,Female,No,0,Not Graduate,No,2720.0,0.0,80.0,,0.0,Urban,N
268,LP002361,Male,Yes,0,Graduate,No,1820.0,1719.0,100.0,360.0,1.0,Urban,Y
269,LP002362,Male,Yes,1,Graduate,No,7250.0,1667.0,110.0,,0.0,Urban,N
270,LP002366,Male,Yes,0,Graduate,No,2666.0,4300.0,121.0,360.0,1.0,Rural,Y
271,LP002367,Female,No,1,Not Graduate,No,4606.0,0.0,81.0,360.0,1.0,Rural,N
272,LP002368,Male,Yes,2,Graduate,No,5935.0,0.0,133.0,360.0,1.0,Semiurban,Y
273,LP002369,Male,Yes,0,Graduate,No,2920.0,16.12000084,87.0,360.0,1.0,Rural,Y
274,LP002370,Male,No,0,Not Graduate,No,2717.0,,60.0,180.0,1.0,Urban,Y
275,LP002377,Female,No,1,Graduate,Yes,8624.0,0.0,150.0,360.0,1.0,Semiurban,Y
276,LP002379,Male,No,0,Graduate,No,6500.0,0.0,105.0,360.0,0.0,Rural,N
277,LP002387,Male,Yes,0,Graduate,No,2425.0,2340.0,143.0,360.0,1.0,Semiurban,Y
278,LP002390,Male,No,0,Graduate,No,3750.0,0.0,100.0,360.0,1.0,Urban,Y
279,LP002398,Male,No,0,Graduate,No,1926.0,1851.0,50.0,360.0,1.0,Semiurban,Y
280,LP002407,Female,Yes,0,Not Graduate,Yes,7142.0,0.0,138.0,360.0,1.0,Rural,Y
281,LP002418,Male,No,3+,Not Graduate,No,4707.0,1993.0,148.0,360.0,1.0,Semiurban,Y
282,LP002429,Male,Yes,1,Graduate,Yes,3466.0,1210.0,130.0,360.0,1.0,Rural,Y
283,LP002434,Male,Yes,2,Not Graduate,No,4652.0,0.0,110.0,360.0,1.0,Rural,Y
284,LP002435,Male,Yes,0,Graduate,,3539.0,1376.0,55.0,360.0,1.0,Rural,N
285,LP002443,Male,Yes,2,Graduate,No,3340.0,1710.0,150.0,360.0,0.0,Rural,N
286,LP002446,Male,Yes,2,Not Graduate,No,2309.0,,125.0,360.0,0.0,Rural,N
287,LP002447,Male,Yes,2,Not Graduate,No,1958.0,1456.0,60.0,300.0,,Urban,Y
288,LP002448,Male,Yes,0,Graduate,No,3948.0,,149.0,360.0,0.0,Rural,N
289,LP002449,Male,Yes,0,Graduate,No,2483.0,2466.0,90.0,180.0,0.0,Rural,Y
290,LP002453,Male,No,0,Graduate,Yes,7085.0,0.0,84.0,360.0,1.0,Semiurban,Y
291,LP002455,Male,Yes,2,Graduate,No,3859.0,0.0,96.0,360.0,1.0,Semiurban,Y
292,LP002459,Male,Yes,0,Graduate,No,4301.0,0.0,118.0,360.0,1.0,Urban,Y
293,LP002472,Male,No,2,Graduate,No,4354.0,0.0,136.0,360.0,1.0,Rural,Y
294,LP002484,Male,Yes,3+,Graduate,No,7740.0,0.0,128.0,180.0,1.0,Urban,Y
295,LP002489,Female,No,1,Not Graduate,,5191.0,0.0,132.0,360.0,1.0,Semiurban,Y
296,LP002493,Male,No,0,,No,4166.0,0.0,98.0,360.0,0.0,Semiurban,N
297,LP002494,Male,No,0,Graduate,No,6000.0,0.0,140.0,360.0,1.0,Rural,Y
298,LP002500,Male,Yes,3+,Not Graduate,No,2947.0,1664.0,70.0,180.0,0.0,Urban,N
299,LP002502,Female,Yes,2,Not Graduate,,210.0,2917.0,98.0,360.0,1.0,Semiurban,Y
300,LP002505,Male,Yes,0,Graduate,No,4333.0,2451.0,110.0,360.0,1.0,Urban,N
301,LP002517,Male,Yes,1,Not Graduate,No,2653.0,1500.0,113.0,180.0,0.0,Rural,N
302,LP002519,Male,Yes,3+,Graduate,No,,0.0,100.0,360.0,1.0,Semiurban,Y
303,LP002522,Female,No,0,Graduate,Yes,2500.0,0.0,93.0,360.0,,Urban,Y
304,LP002530,,Yes,2,Graduate,No,2873.0,1872.0,132.0,360.0,0.0,Semiurban,N
305,LP002536,Male,Yes,3+,Not Graduate,No,3095.0,0.0,113.0,360.0,1.0,Rural,Y
306,LP002537,Male,Yes,0,Graduate,No,2083.0,3150.0,128.0,360.0,1.0,Semiurban,Y
307,LP002544,Male,Yes,1,Not Graduate,No,1958.0,2436.0,131.0,360.0,1.0,Rural,Y
308,LP002545,Male,No,2,Graduate,No,3547.0,0.0,80.0,360.0,0.0,Rural,N
309,LP002556,Male,No,0,Graduate,No,,0.0,75.0,360.0,1.0,Urban,N
310,LP002560,Male,No,0,Not Graduate,No,2699.0,2785.0,96.0,360.0,,Semiurban,Y
311,LP002571,Male,No,0,Not Graduate,No,3691.0,0.0,110.0,360.0,1.0,Rural,Y
312,LP002585,Male,Yes,0,Graduate,No,3597.0,2157.0,119.0,360.0,0.0,Rural,N
313,LP002586,Female,Yes,1,Graduate,No,3326.0,913.0,105.0,84.0,1.0,Semiurban,Y
314,LP002587,Male,Yes,0,Not Graduate,No,2600.0,1700.0,107.0,360.0,1.0,Rural,Y
315,LP002588,Male,Yes,0,Graduate,No,4625.0,2857.0,111.0,12.0,,Urban,Y
316,LP002600,Male,Yes,1,Graduate,Yes,2895.0,0.0,95.0,360.0,1.0,Semiurban,Y
317,LP002603,Female,No,0,Graduate,No,645.0,3683.0,113.0,480.0,1.0,Rural,Y
318,LP002606,Female,No,0,Graduate,No,3159.0,0.0,100.0,360.0,1.0,Semiurban,Y
319,LP002618,Male,Yes,1,Not Graduate,No,4050.0,5302.0,138.0,360.0,,Rural,N
320,LP002619,Male,Yes,0,Not Graduate,No,3814.0,1483.0,124.0,300.0,1.0,Semiurban,Y
321,LP002625,,No,0,Graduate,No,3583.0,0.0,96.0,360.0,1.0,Urban,N
322,LP002637,Male,No,0,Not Graduate,No,3598.0,1287.0,100.0,360.0,1.0,Rural,N
323,LP002643,Male,Yes,2,Graduate,No,3283.0,2035.0,148.0,360.0,1.0,Urban,Y
324,LP002648,Male,Yes,0,Graduate,No,2130.0,6666.0,70.0,180.0,1.0,Semiurban,N
325,LP002659,Male,Yes,3+,Graduate,No,3466.0,3428.0,150.0,360.0,1.0,Rural,Y
326,LP002670,Female,Yes,2,Graduate,No,2031.0,1632.0,113.0,480.0,1.0,Semiurban,Y
327,LP002682,Male,Yes,,Not Graduate,No,3074.0,1800.0,123.0,360.0,0.0,Semiurban,N
328,LP002684,Female,No,0,Not Graduate,No,,0.0,95.0,360.0,1.0,Rural,N
329,LP002689,Male,Yes,2,Not Graduate,No,2192.0,1742.0,45.0,360.0,1.0,Semiurban,Y
330,LP002690,Male,No,0,,No,2500.0,0.0,55.0,360.0,1.0,Semiurban,Y
331,LP002692,Male,Yes,3+,Graduate,Yes,5677.0,1424.0,100.0,360.0,1.0,Rural,Y
332,LP002705,Male,Yes,0,Graduate,No,3775.0,0.0,110.0,360.0,1.0,Semiurban,Y
333,LP002714,Male,No,1,Not Graduate,No,2679.0,1302.0,94.0,360.0,1.0,Semiurban,Y
334,LP002716,Male,No,0,Not Graduate,No,6783.0,0.0,130.0,360.0,1.0,Semiurban,Y
335,LP002720,Male,Yes,3+,Graduate,No,4281.0,0.0,,360.0,1.0,Urban,Y
336,LP002723,Male,No,2,Graduate,No,,0.0,110.0,360.0,0.0,Rural,N
337,LP002732,Male,No,0,Not Graduate,,,2042.0,126.0,360.0,1.0,Rural,Y
338,LP002738,Male,No,2,Graduate,No,3617.0,0.0,107.0,360.0,1.0,Semiurban,Y
339,LP002739,Male,Yes,0,,No,2917.0,,66.0,360.0,1.0,Rural,N
340,LP002741,Female,Yes,1,Graduate,No,4608.0,2845.0,140.0,180.0,1.0,Semiurban,Y
341,LP002743,Female,No,0,Graduate,No,2138.0,0.0,99.0,360.0,0.0,Semiurban,N
342,LP002753,Female,No,1,Graduate,,3652.0,0.0,95.0,360.0,1.0,Semiurban,Y
343,LP002755,Male,Yes,1,Not Graduate,No,2239.0,,128.0,360.0,1.0,Urban,Y
344,LP002757,Female,Yes,0,Not Graduate,No,3017.0,,102.0,360.0,,Semiurban,Y
345,LP002768,Male,No,0,Not Graduate,No,3358.0,0.0,80.0,36.0,1.0,Semiurban,N
346,LP002772,Male,No,0,Graduate,No,2526.0,1783.0,145.0,360.0,1.0,Rural,Y
347,LP002776,Female,No,0,Graduate,No,5000.0,0.0,103.0,360.0,0.0,Semiurban,N
348,LP002777,Male,Yes,0,Graduate,No,2785.0,2016.0,110.0,360.0,1.0,Rural,Y
349,LP002789,Male,Yes,0,Graduate,No,3593.0,4266.0,132.0,180.0,0.0,Rural,N
350,LP002792,Male,Yes,1,Graduate,No,5468.0,1032.0,26.0,360.0,1.0,Semiurban,Y
351,LP002794,Female,No,0,Graduate,No,2667.0,,84.0,360.0,,Urban,Y
352,LP002807,Male,Yes,2,Not Graduate,No,3675.0,,108.0,360.0,1.0,Semiurban,Y
353,LP002821,Male,No,0,Not Graduate,Yes,5800.0,0.0,132.0,360.0,1.0,Semiurban,Y
354,LP002833,Male,Yes,0,Not Graduate,No,4467.0,0.0,,360.0,,Rural,Y
355,LP002836,Male,No,0,Graduate,No,3333.0,0.0,70.0,360.0,1.0,Urban,Y
356,LP002837,Male,Yes,3+,Graduate,No,3400.0,2500.0,123.0,360.0,0.0,Rural,N
357,LP002840,Female,No,0,Graduate,No,2378.0,0.0,9.0,360.0,1.0,Urban,N
358,LP002841,Male,Yes,0,,No,3166.0,2064.0,104.0,360.0,0.0,Urban,N
359,LP002863,Male,Yes,3+,Graduate,No,6406.0,0.0,150.0,360.0,1.0,Semiurban,N
360,LP002868,Male,Yes,2,Graduate,No,3159.0,461.0,108.0,84.0,1.0,Urban,Y
361,LP002872,,Yes,0,Graduate,No,3087.0,2210.0,,360.0,0.0,Semiurban,N
362,LP002874,Male,No,0,Graduate,No,3229.0,2739.0,110.0,360.0,1.0,Urban,Y
363,LP002877,Male,Yes,1,Graduate,No,1782.0,2232.0,107.0,360.0,1.0,Rural,Y
364,LP002893,Male,No,0,Graduate,No,1836.0,33837.0,90.0,360.0,1.0,Urban,N
365,LP002894,Female,Yes,0,Graduate,No,3166.0,0.0,36.0,360.0,1.0,Semiurban,Y
366,LP002898,Male,Yes,1,Graduate,No,1880.0,0.0,61.0,360.0,,Rural,N
367,LP002911,Male,Yes,1,Graduate,No,2787.0,,146.0,360.0,0.0,Rural,N
368,LP002916,Male,Yes,0,Graduate,No,2297.0,1522.0,104.0,360.0,1.0,Urban,Y
369,LP002917,Female,No,0,Not Graduate,No,2165.0,0.0,70.0,360.0,1.0,Semiurban,Y
370,LP002925,,No,0,Graduate,No,,0.0,94.0,360.0,1.0,Semiurban,Y
371,LP002926,Male,Yes,2,Graduate,Yes,2726.0,0.0,106.0,360.0,0.0,Semiurban,N
372,LP002928,Male,Yes,0,Graduate,No,3000.0,3416.0,56.0,180.0,1.0,Semiurban,Y
373,LP002936,Male,Yes,0,Graduate,No,3859.0,3300.0,142.0,180.0,1.0,Rural,Y
374,LP002940,Male,No,0,Not Graduate,No,3833.0,0.0,110.0,360.0,1.0,Rural,Y
375,LP002943,Male,No,,Graduate,No,2987.0,0.0,88.0,360.0,0.0,Semiurban,N
376,LP002953,Male,Yes,3+,Graduate,No,5703.0,0.0,128.0,360.0,1.0,Urban,Y
377,LP002974,Male,Yes,0,Graduate,No,3232.0,,108.0,360.0,1.0,Rural,Y
378,LP002978,Female,No,0,Graduate,No,2900.0,0.0,71.0,360.0,1.0,Rural,Y
379,LP002979,Male,Yes,3+,Graduate,No,4106.0,0.0,40.0,180.0,1.0,Rural,Y
380,LP002990,Female,No,0,,Yes,4583.0,0.0,133.0,360.0,0.0,Semiurban,N
